total_epochs,final_train_loss,final_val_loss,final_train_mae,final_val_mae
36,0.000533760292455554,0.0004030941636301577,0.013880228623747826,0.014461550861597061
