total_epochs,final_train_loss,final_val_loss,final_train_mae,final_val_mae
49,0.0004345245542936027,0.00044276576954871416,0.012824446894228458,0.014197527430951595
96,0.0008772313594818115,0.0005657003493979573,0.020238984376192093,0.014244388788938522
61,0.0014260387979447842,0.0007404666976071894,0.023502923548221588,0.016583826392889023
total_epochs,final_train_loss,final_val_loss,final_train_mae,final_val_mae
53,0.00044499392970465124,0.0004913547891192138,0.013496629893779755,0.014750614762306213
total_epochs,final_train_loss,final_val_loss,final_train_mae,final_val_mae
32,0.0004955587792210281,0.00047165475552901626,0.013677599839866161,0.014589398168027401
