total_epochs,final_train_loss,final_val_loss,final_train_mae,final_val_mae
67,0.0003585145459510386,0.0004371281829662621,0.01216641440987587,0.015270938165485859
